Date,Name,Year,Letterboxd URI
2023-02-04,The Batman,2022,https://boxd.it/eDGs
2023-02-04,Inception,2010,https://boxd.it/1skk
2023-02-04,The Dark Knight,2008,https://boxd.it/2b0k
2023-02-04,Interstellar,2014,https://boxd.it/4VZ8
2023-02-04,Avengers: Infinity War,2018,https://boxd.it/9vEe
2023-02-04,The Truman Show,1998,https://boxd.it/18U8
2023-02-04,Avengers: Endgame,2019,https://boxd.it/9vE4
2023-02-04,Baby Driver,2017,https://boxd.it/bhF2
2023-02-04,Forrest Gump,1994,https://boxd.it/728
2023-02-04,Guardians of the Galaxy,2014,https://boxd.it/3VH2
2023-02-04,Don't Look Up,2021,https://boxd.it/o0Hc
2023-02-04,Ratatouille,2007,https://boxd.it/27ww
2023-02-04,Coco,2017,https://boxd.it/bYJQ
2023-02-04,Soul,2020,https://boxd.it/ioLA
2023-02-04,The Lord of the Rings: The Fellowship of the Ring,2001,https://boxd.it/2b5O
2023-02-04,Star Wars,1977,https://boxd.it/72s
2023-02-04,Deadpool,2016,https://boxd.it/9fOC
2023-02-04,The Avengers,2012,https://boxd.it/1xFW
2023-02-04,Inside Out,2015,https://boxd.it/4KHC
2023-02-04,Dunkirk,2017,https://boxd.it/d0Y6
2023-02-04,Back to the Future,1985,https://boxd.it/2b8e
2023-02-04,Avatar,2009,https://boxd.it/1Efm
2023-02-04,Up,2009,https://boxd.it/1OEc
2023-02-04,The Empire Strikes Back,1980,https://boxd.it/27Vw
2023-02-04,WALL·E,2008,https://boxd.it/1VEo
2023-02-04,Doctor Strange,2016,https://boxd.it/8MH8
2023-02-04,Avatar: The Way of Water,2022,https://boxd.it/2E2E
2023-02-04,Captain America: Civil War,2016,https://boxd.it/89Ja
2023-02-04,Star Wars: The Force Awakens,2015,https://boxd.it/4vru
2023-02-04,Iron Man,2008,https://boxd.it/28dA
2023-02-04,Guardians of the Galaxy Vol. 2,2017,https://boxd.it/8MxC
2023-02-04,Spider-Man,2002,https://boxd.it/2a8i
2023-02-04,Captain America: The Winter Soldier,2014,https://boxd.it/3r58
2023-02-04,Good Will Hunting,1997,https://boxd.it/2ahY
2023-02-04,Toy Story,1995,https://boxd.it/29qA
2023-02-04,The Incredibles,2004,https://boxd.it/1XLm
2023-02-04,The Lord of the Rings: The Return of the King,2003,https://boxd.it/2b5u
2023-02-04,The Dark Knight Rises,2012,https://boxd.it/H3m
2023-02-04,Star Wars: The Last Jedi,2017,https://boxd.it/5xme
2023-02-04,Finding Nemo,2003,https://boxd.it/72i
2023-02-04,The Lord of the Rings: The Two Towers,2002,https://boxd.it/2b5E
2023-02-04,Avengers: Age of Ultron,2015,https://boxd.it/3qi6
2023-02-04,Spider-Man 2,2004,https://boxd.it/2a88
2023-02-04,Catch Me If You Can,2002,https://boxd.it/29VS
2023-02-04,"Monsters, Inc.",2001,https://boxd.it/2a46
2023-02-04,Batman Begins,2005,https://boxd.it/2aIg
2023-02-04,Shrek,2001,https://boxd.it/29zi
2023-02-04,Logan,2017,https://boxd.it/7Piy
2023-02-04,Mean Girls,2004,https://boxd.it/1VNg
2023-02-04,Rogue One: A Star Wars Story,2016,https://boxd.it/aPvy
2023-02-04,The Martian,2015,https://boxd.it/8SeG
2023-02-04,Return of the Jedi,1983,https://boxd.it/27Vm
2023-02-04,The Lion King,1994,https://boxd.it/201Q
2023-02-04,Ant-Man,2015,https://boxd.it/3vmW
2023-02-04,Captain America: The First Avenger,2011,https://boxd.it/28b0
2023-02-04,Home Alone,1990,https://boxd.it/29Fg
2023-02-04,Jaws,1975,https://boxd.it/2a5e
2023-02-04,The Revenant,2015,https://boxd.it/8H5e
2023-02-04,Superbad,2007,https://boxd.it/20hO
2023-02-04,Star Wars: The Rise of Skywalker,2019,https://boxd.it/5xlK
2023-02-04,Star Wars: Episode III – Revenge of the Sith,2005,https://boxd.it/27US
2023-02-04,Luca,2021,https://boxd.it/ipjC
2023-02-04,The Hunger Games,2012,https://boxd.it/2uds
2023-02-04,Ferris Bueller's Day Off,1986,https://boxd.it/1YPY
2023-02-04,Iron Man 3,2013,https://boxd.it/2cBQ
2023-02-04,Deadpool 2,2018,https://boxd.it/dlLM
2023-02-04,Thor,2011,https://boxd.it/1WQU
2023-02-04,Incredibles 2,2018,https://boxd.it/7IPg
2023-02-04,Saving Private Ryan,1998,https://boxd.it/29ro
2023-02-04,Wonder Woman,2017,https://boxd.it/9roG
2023-02-04,The Amazing Spider-Man,2012,https://boxd.it/27PI
2023-02-04,Toy Story 3,2010,https://boxd.it/1WRe
2023-02-04,Star Wars: Episode I – The Phantom Menace,1999,https://boxd.it/27Vc
2023-02-04,Iron Man 2,2010,https://boxd.it/1WZM
2023-02-04,Suicide Squad,2016,https://boxd.it/9row
2023-02-04,Zootopia,2016,https://boxd.it/84xS
2023-02-04,Everything Everywhere All at Once,2022,https://boxd.it/jUk4
2023-02-12,All Quiet on the Western Front,2022,https://boxd.it/H08
2023-02-16,CODA,2021,https://boxd.it/tbf4
2023-02-17,Greyhound,2020,https://boxd.it/iIaE
2023-03-10,TÁR,2022,https://boxd.it/uNIA
2023-04-09,Harry Potter and the Chamber of Secrets,2002,https://boxd.it/29QI
2023-05-01,Harry Potter and the Prisoner of Azkaban,2004,https://boxd.it/29Qy
2023-05-02,Harry Potter and the Goblet of Fire,2005,https://boxd.it/29Qo
2023-05-02,American Hustle,2013,https://boxd.it/5dz8
2023-05-05,Guardians of the Galaxy Vol. 3,2023,https://boxd.it/fVNI
2023-05-07,Hereditary,2018,https://boxd.it/hNVe
2023-05-07,Harry Potter and the Order of the Phoenix,2007,https://boxd.it/29Qe
2023-05-08,Life of Pi,2012,https://boxd.it/37pC
2023-06-12,Harry Potter and the Half-Blood Prince,2009,https://boxd.it/29FU
2023-06-17,Harry Potter and the Deathly Hallows: Part 1,2010,https://boxd.it/1RYu
2023-06-17,Harry Potter and the Deathly Hallows: Part 2,2011,https://boxd.it/1RYk
2023-06-19,Semi-Pro,2008,https://boxd.it/1Qw0
2023-06-19,King Richard,2021,https://boxd.it/mJZ2
2023-07-07,Dune,2021,https://boxd.it/fA7G
2023-07-15,Causeway,2022,https://boxd.it/lWQq
2023-07-24,Porco Rosso,1992,https://boxd.it/1Tp2
2023-07-24,Barbie,2023,https://boxd.it/bCLK
2023-07-29,The Breakfast Club,1985,https://boxd.it/27q4
2023-07-30,Pulp Fiction,1994,https://boxd.it/29Pq
2023-07-31,Oppenheimer,2023,https://boxd.it/wUow
2023-08-06,Air,2023,https://boxd.it/Arlc
2023-08-07,The Shawshank Redemption,1994,https://boxd.it/2aHi
2023-08-11,Stephen Curry: Underrated,2023,https://boxd.it/wuUw
2023-08-13,Billy Madison,1995,https://boxd.it/1UQI
2023-08-14,The King's Speech,2010,https://boxd.it/dX0
2023-08-15,Top Gun: Maverick,2022,https://boxd.it/cjr4
2023-08-15,The Lighthouse,2019,https://boxd.it/icFU
2023-08-19,Impractical Jokers: The Movie,2020,https://boxd.it/kMLI
2023-08-28,Till,2022,https://boxd.it/wfwY
2023-10-21,Elvis,2022,https://boxd.it/mK4w
2023-12-18,Fargo,1996,https://boxd.it/2aHM
2024-01-10,The Peanut Butter Falcon,2019,https://boxd.it/gzu2
2024-02-16,News of the World,2020,https://boxd.it/lm7a
2024-02-25,Killers of the Flower Moon,2023,https://boxd.it/gHp0
2024-05-22,The Boys in the Boat,2023,https://boxd.it/v1OC
2024-05-22,The Notebook,2004,https://boxd.it/1UNE
2024-07-14,Requiem for a Dream,2000,https://boxd.it/29VI
2024-07-15,Civil War,2024,https://boxd.it/z1jW
2024-07-15,Bottoms,2023,https://boxd.it/uGf2
2024-08-10,moony's WARNING HIGH CUBE,2024,https://boxd.it/ODDg
2024-08-26,No Country for Old Men,2007,https://boxd.it/21ew
2024-08-29,Taxi Driver,1976,https://boxd.it/2b8y
2024-09-16,The Whale,2022,https://boxd.it/tw4c
2024-09-18,Asteroid City,2023,https://boxd.it/s3ds
2024-09-25,The Iron Claw,2023,https://boxd.it/w5Pm
2024-09-27,Anthropoid,2016,https://boxd.it/bOr8
2024-10-04,Lady Bird,2017,https://boxd.it/dGNE
2024-10-09,The Waterboy,1998,https://boxd.it/1VHi
2024-10-23,Beautiful Boy,2018,https://boxd.it/g76Q
2024-11-06,Hidden Figures,2016,https://boxd.it/dgS4
2024-11-12,The Holdovers,2023,https://boxd.it/vHza
2024-11-24,Twisters,2024,https://boxd.it/qV7a
2024-11-25,How to Train Your Dragon,2010,https://boxd.it/1WRy
2024-11-27,Leave the World Behind,2023,https://boxd.it/re0i
2024-12-15,Hot Frosty,2024,https://boxd.it/NeBM
2024-12-16,Nutcrackers,2024,https://boxd.it/JEkO
2024-12-17,Sweethearts,2024,https://boxd.it/BNks
2024-12-18,Red One,2024,https://boxd.it/vTBM
2024-12-19,Dead Poets Society,1989,https://boxd.it/2aSg
2024-12-22,Cinderella Man,2005,https://boxd.it/29he
2024-12-24,On the Basis of Sex,2018,https://boxd.it/bhDq
2024-12-26,Aftersun,2022,https://boxd.it/Arw0
2025-01-03,Number 24,2024,https://boxd.it/KoWa
2025-01-05,A Complete Unknown,2024,https://boxd.it/oBYa
2025-01-12,The Fall Guy,2024,https://boxd.it/s0Bm
2025-01-17,Apollo 13,1995,https://boxd.it/2a6G
2025-01-20,Perfect Days,2023,https://boxd.it/ATh8
2025-01-21,Conclave,2024,https://boxd.it/AO8q
2025-01-23,Anatomy of a Fall,2023,https://boxd.it/yuDE
2025-01-24,Can of Worms,1999,https://boxd.it/2T6w
2025-01-29,Emilia Pérez,2024,https://boxd.it/AP3G
2025-03-06,Anora,2024,https://boxd.it/Egcw
2025-03-30,The Nice Guys,2016,https://boxd.it/94Hg
2025-04-01,Parasite,2019,https://boxd.it/hTha
2025-04-06,The Prestige,2006,https://boxd.it/293w
2025-04-07,Past Lives,2023,https://boxd.it/oNB8
2025-04-10,The Brutalist,2024,https://boxd.it/k4BO
2025-04-12,The Wonderful Story of Henry Sugar,2023,https://boxd.it/yNyo
2025-04-12,September 5,2024,https://boxd.it/JYsI
2025-04-21,Sinners,2025,https://boxd.it/KQMM
2025-04-24,Small Things Like These,2024,https://boxd.it/FHIm
2025-04-28,The Big Short,2015,https://boxd.it/ajZw
2025-05-03,A Real Pain,2024,https://boxd.it/CjNG
2025-05-05,Annihilation,2018,https://boxd.it/9yzm
2025-05-13,1917,2019,https://boxd.it/jj4y
2025-05-20,Charlie Wilson's War,2007,https://boxd.it/21yc
2025-05-27,Fight Club,1999,https://boxd.it/2a9q
2025-06-14,It's a Wonderful Life,1946,https://boxd.it/28xA
2025-06-24,The Terminator,1984,https://boxd.it/2aQY
2025-07-01,Call Me by Your Name,2017,https://boxd.it/dYmm
2025-07-06,Reservoir Dogs,1992,https://boxd.it/2agc
2025-07-07,A Man Called Otto,2022,https://boxd.it/zl06
2025-07-20,Sicario,2015,https://boxd.it/8i7u
2025-07-20,Ford v Ferrari,2019,https://boxd.it/ce74
2025-07-23,Opus,2025,https://boxd.it/JBMA
2025-07-26,F1,2025,https://boxd.it/yjVM
2025-07-27,Get Out,2017,https://boxd.it/eOCm
2025-08-04,The Secret Life of Walter Mitty,2013,https://boxd.it/3SWy
2025-08-07,Happy Gilmore 2,2025,https://boxd.it/M8PQ
2025-08-08,American Gangster,2007,https://boxd.it/23wi
2025-08-09,The Fantastic 4: First Steps,2025,https://boxd.it/mP6C
2025-08-12,Freakier Friday,2025,https://boxd.it/GxwW
2025-08-14,Superman,2025,https://boxd.it/E9IU
2025-08-17,Weapons,2025,https://boxd.it/EMTM
2025-08-18,There Will Be Blood,2007,https://boxd.it/20Z2
2025-08-22,Honey Don't!,2025,https://boxd.it/Hurc
2025-08-23,Wayne's World,1992,https://boxd.it/1ZHG
2025-09-03,The Wolf of Wall Street,2013,https://boxd.it/3C1m
2025-09-18,Almost Famous,2000,https://boxd.it/29CQ
2025-10-06,One Battle After Another,2025,https://boxd.it/DUHM
2025-10-15,Dirty Dancing,1987,https://boxd.it/2baY
2025-10-25,E.T. the Extra-Terrestrial,1982,https://boxd.it/2a1G
2025-10-26,The Lost Bus,2025,https://boxd.it/KYKE
2025-10-29,Springsteen: Deliver Me from Nowhere,2025,https://boxd.it/KJG8
2025-10-30,Poor Things,2023,https://boxd.it/tNWU
2025-11-02,Bugonia,2025,https://boxd.it/qeWY
2025-11-03,Manchester by the Sea,2016,https://boxd.it/b2L0
2025-11-10,"O Brother, Where Art Thou?",2000,https://boxd.it/2b3I
2025-11-12,Triangle of Sadness,2022,https://boxd.it/hXlq
2025-11-24,Zodiac,2007,https://boxd.it/27MO
2025-12-09,Hamnet,2025,https://boxd.it/woVy
2025-12-12,Nebraska,2013,https://boxd.it/4exq
2025-12-25,A Christmas Story,1983,https://boxd.it/29sw
2025-12-29,The Fabelmans,2022,https://boxd.it/ugoM
2025-12-30,Marty Supreme,2025,https://boxd.it/Off0
2026-01-04,Memento,2000,https://boxd.it/2bcK
2026-01-05,All the President's Men,1976,https://boxd.it/29lU
2026-01-07,Train Dreams,2025,https://boxd.it/LdDo
2026-01-20,Selma,2014,https://boxd.it/8jak
2026-01-21,No Other Choice,2025,https://boxd.it/nKiA
2026-01-22,Licorice Pizza,2021,https://boxd.it/qTKY
2026-01-24,Uncut Gems,2019,https://boxd.it/gXGc
2026-01-25,"Sorry, Baby",2025,https://boxd.it/JKNi
2026-01-26,Eddington,2025,https://boxd.it/o6MC
2026-01-29,The Smashing Machine,2025,https://boxd.it/syUC
2026-02-02,If I Had Legs I'd Kick You,2025,https://boxd.it/HUtS
2026-02-04,Friendship,2024,https://boxd.it/L6Dc
2026-02-06,Bohemian Rhapsody,2018,https://boxd.it/f1TK
2026-02-16,Wuthering Heights,2026,https://boxd.it/OdIa
2026-03-02,The Secret Agent,2025,https://boxd.it/KkUE
2026-03-04,Boogie Nights,1997,https://boxd.it/23um
2026-03-06,Twilight,2008,https://boxd.it/1Zui
